laptop,price
AXL Celeron Dual Core 9th Gen - (4 GB/256 GB SSD/Windows 11 Home) 15W_LAP02 Thin and Light Laptop,"₹17,990"
MSI Vector GP78 Core i9 13th Gen 13980HX - (32 GB/2 TB SSD/Windows 11 Home/16 GB Graphics/NVIDIA GeFor...,"₹3,44,990"
ASUS Vivobook 15 Core i5 11th Gen 1135G7 - (8 GB/512 GB SSD/Windows 11 Home) X515EA-EJ522WS Thin and L...,"₹38,990"
HP (2023) Intel Core i3 12th Gen 1215U - (8 GB/512 GB SSD/Windows 11 Home) 15s-fy5003TU Thin and Light...,"₹41,990"
HP 2023 Athlon Dual Core 3050U - (8 GB/512 GB SSD/Windows 11 Home) 15s-ey1509AU Thin and Light Laptop,"₹29,990"
HP 2023 Ryzen 3 Dual Core 3250U - (8 GB/512 GB SSD/Windows 11 Home) 15s- eq1580AU Thin and Light Lapto...,"₹33,490"
MSI Vector GP68 Core i9 13th Gen 13980HX - (32 GB/1 TB SSD/Windows 11 Home/12 GB Graphics/NVIDIA GeFor...,"₹2,84,990"
MSI Stealth 16 Studio Core i7 13th Gen 13700H - (32 GB/1 TB SSD/Windows 11 Home/8 GB Graphics/NVIDIA G...,"₹2,34,990"
Acer One Core i3 11th Gen 1115G4 - (8 GB/512 GB SSD/Windows 11 Home) AO 14 Z 8-415 Thin and Light Lapt...,"₹26,990"
Lenovo Lenovo V15 Celeron Dual Core 4th Gen - (8 GB/256 GB SSD/Windows 11 Home) 82QYA00MIN Laptop,"₹24,990"
Wings Nuvobook S1 Aluminium Alloy Metal Body Intel Core i3 11th Gen 1125G4 - (8 GB/256 GB SSD/Windows ...,"₹26,990"
MSI Stealth 16 Studio Core i7 13th Gen 13700H - (32 GB/1 TB SSD/Windows 11 Home/8 GB Graphics/NVIDIA G...,"₹2,09,990"
Lenovo IdeaPad 1 Athlon Dual Core 7120U - (8 GB/512 GB SSD/Windows 11 Home) 15AMN7 Thin and Light Lapt...,"₹28,640"
ASUS Vivobook 14 Core i3 11th Gen 1115G4 - (8 GB/512 GB SSD/Windows 11 Home) X415EA-EK322WS Thin and L...,"₹33,990"
HP 255 G9 840T7PA Athlon Dual Core 3050U - (4 GB/256 GB SSD/DOS) 255 G8 Thin and Light Laptop,"₹19,860"
Lenovo IdeaPad Slim 3 Intel Core i5 12th Gen 1235U - (8 GB/512 GB SSD/Windows 11 Home) 15IAU7 Thin and...,"₹49,990"
MSI Vector GP77 Core i7 13th Gen 13700H - (32 GB/1 TB SSD/Windows 11 Home/8 GB Graphics/NVIDIA GeForce...,"₹1,85,990"
MSI Pulse 17 Core i9 13th Gen 13900H - (16 GB/1 TB SSD/Windows 11 Home/8 GB Graphics/NVIDIA GeForce RT...,"₹1,83,990"
Primebook 4G Android Based MediaTek MT8788 - (4 GB/128 GB EMMC Storage/Prime OS) 4G Thin and Light Lap...,"₹16,990"
HP Intel Core i3 11th Gen 1115G4 - (8 GB/512 GB SSD/Windows 11 Home) 14s - dy2508TU Thin and Light Lap...,"₹38,490"
MSI Vector GP68 Core i7 13th Gen 13700HX - (16 GB/1 TB SSD/Windows 11 Home/8 GB Graphics/NVIDIA GeForc...,"₹1,84,990"
MSI Stealth 15 Core i7 13th Gen 13620H - (16 GB/1 TB SSD/Windows 11 Home/8 GB Graphics/NVIDIA GeForce ...,"₹1,71,990"
Lenovo IdeaPad Slim 3 Intel Core i3 12th Gen 1215U - (8 GB/256 GB SSD/Windows 11 Home) 15IAU7 Thin and...,"₹35,990"
Lenovo Core i5 12th Gen - (8 GB/512 GB SSD/Windows 11 Home) 82TW0019IH Laptop,"₹46,990"
DELL Inspiron Athlon Dual Core 3050U - (8 GB/256 GB SSD/Windows 11 Home) Inspiron 3525 Notebook,"₹29,890"
DELL Ryzen 3 Quad Core 5300U - (8 GB/512 GB SSD/Windows 11 Home) Inspiron 3525 Thin and Light Laptop,"₹31,490"
HP Ryzen 5 Hexa Core 5500U - (8 GB/512 GB SSD/Windows 11 Home) 15s- eq2144au Thin and Light Laptop,"₹43,990"
HP G9 Ryzen 3 Dual Core 3250U - (8 GB/512 GB SSD/DOS) 841W6PA Thin and Light Laptop,"₹24,999"
Acer One Core i3 11th Gen 1115G4 - (8 GB/256 GB SSD/Windows 11 Home) One 14 Z8-415 Thin and Light Lapt...,"₹28,990"
HP Ryzen 5 Hexa Core 5500U - (16 GB/512 GB SSD/Windows 11 Home) 15s- eq2182AU Thin and Light Laptop,"₹46,990"
ASUS TUF Gaming F15 with 90WHr Battery Core i5 11th Gen 11400H - (16 GB/512 GB SSD/Windows 11 Home/4 G...,"₹61,990"
Acer TravelMate P2 Core i7 11th Gen 1165G7 - (16 GB/1 TB SSD/Windows 11 Home) TMP214-53 Thin and Light...,"₹53,990"
DELL Core i3 12th Gen 1215U - (8 GB/512 GB SSD/Windows 11 Home) New Inspiron 15 Laptop Thin and Light ...,"₹38,790"
Infinix INBook Y1 Plus Intel Core i3 10th Gen 1005G1 - (8 GB/512 GB SSD/Windows 11 Home) XL28 Thin and...,"₹25,990"
Infinix Y1 Plus Neo Intel Celeron Quad Core 11th Gen JSL N5100 - (8 GB/512 GB SSD/Windows 11 Home) XL3...,"₹23,990"
GIGABYTE Core i7 12th Gen 12650H - (16 GB/512 GB SSD/Windows 11 Home/6 GB Graphics/NVIDIA GeForce RTX ...,"₹79,990"
realme Book Prime Core i5 11th Gen 11320H - (16 GB/512 GB SSD/Windows 11 Home) CloudPro002 Thin and Li...,"₹56,999"
Acer Aspire 3 Ryzen 3 Quad Core 7320U - (8 GB/256 GB SSD/Windows 11 Home) A315-24P-R7HM Thin and Light...,"₹26,990"
ASUS Vivobook S 14 Flip Ryzen 5 Hexa Core 5600HS - (16 GB/512 GB SSD/Windows 11 Home) TN3402QA-LZ540WS...,"₹62,990"
ASUS Vivobook 15 Core i3 12th Gen 1215U - (8 GB/512 GB SSD/Windows 11 Home) X1502ZA-EJ953WS Thin and L...,"₹36,990"
ASUS Vivobook 16X Ryzen 7 Octa Core 5800HS - (16 GB/512 GB SSD/Windows 11 Home) M1603QA-MB712WS Notebo...,"₹55,990"
Acer One14 Ryzen 5 3500U - (8 GB/256 GB SSD/Windows 11 Home) Z2-493 Thin and Light Laptop,"₹29,990"
Infinix X3 Slim Intel Core i5 12th Gen 1235U - (16 GB/512 GB SSD/Windows 11 Home) XL422 Thin and Light...,"₹38,990"
Wings Nuvobook V1 Aluminium Alloy Metal Body Intel Core i5 11th Gen 1155G7 - (8 GB/512 GB SSD/Windows ...,"₹31,990"
HP Ryzen 7 Octa Core 5700U - (16 GB/512 GB SSD/Windows 11 Home) 15s- ey2001au Thin and Light Laptop,"₹49,990"
HP Intel Core i5 11th Gen 1155G7 - (8 GB/512 GB SSD/Windows 11 Home) 15s- fr4000TU Thin and Light Lapt...,"₹48,990"
Wings Nuvobook Pro Aluminium Alloy Metal Body Intel Core i7 11th Gen 1165G7 - (16 GB/512 GB SSD/Window...,"₹46,990"
Acer Extensa (2023) Ryzen 5 Quad Core 7520U - (8 GB/512 GB SSD/Windows 11 Home) EX215-23-R5EG Thin and...,"₹33,990"
Acer Ryzen 3 Dual Core 3250U - (8 GB/256 GB SSD/Windows 11 Home) Z2-493 Thin and Light Laptop,"₹25,449"
DELL Inspiron 3000 Core i3 11th Gen 1115G4 - (8 GB/512 GB SSD/Windows 11 Home) 3511 Thin and Light Lap...,"₹36,990"
Lenovo IdeaPad Slim 3 Core i5 11th Gen 1155G7 - (8 GB/512 GB SSD/Windows 11 Home) 15ITL6 Thin and Ligh...,"₹40,990"
ASUS Vivobook Go 15 Celeron Dual Core N4020 - (8 GB/256 GB SSD/Windows 11 Home) E510MA-EJ011WS Thin an...,"₹24,990"
ASUS Vivobook Go 15 (2023) Ryzen 3 Quad Core 7320U - (8 GB/512 GB SSD/Windows 11 Home) E1504FA-NJ321WS...,"₹33,990"
MSI Modern 14 Core i5 11th Gen 1155G7 - (16 GB/512 GB SSD/Windows 11 Home) Modern 14 C11M-029IN Thin a...,"₹45,991"
Primebook S Wifi MT8183 - (4 GB/128 GB EMMC Storage/Prime OS) PB S Wifi Thin and Light Laptop,"₹13,990"
DELL Ryzen 3 Quad Core R3-5300U - (8 GB/512 GB SSD/Windows 11 Home) IN352547R7J001ORB1 Laptop,"₹31,899"
ASUS Vivobook 15 Core i3 11th Gen 1115G4 - (8 GB/256 GB SSD/Windows 11 Home) X515EA-EJ312W Thin and Li...,"₹31,990"
"ASUS Vivobook 16X For Creator, Intel H-Series Core i7 12th Gen 12650H - (16 GB/512 GB SSD/Windows 11 H...","₹81,990"
HP Ryzen 3 Quad Core 5300U - (8 GB/512 GB SSD/Windows 11 Home) 15s-eq2143au Thin and Light Laptop,"₹35,490"
HP Victus Ryzen 5 Hexa Core 5600H - (8 GB/512 GB SSD/Windows 11 Home/4 GB Graphics/AMD Radeon RX 6500M...,"₹51,990"
DELL Inspiron Pentium Quad Core N5030 - (8 GB/256 GB SSD/Windows 11 Home) Inspiron 3521 Thin and Light...,"₹29,780"
SAMSUNG Galaxy Book 2 Core i5 12th Gen 1235U - (8 GB/512 GB SSD/Windows 11 Home) NP550 Thin and Light ...,"₹49,990"
ASUS Vivobook Go 15 OLED (2023) Ryzen 5 Quad Core 7520U - (8 GB/512 GB SSD/Windows 11 Home) E1504FA-LK...,"₹44,990"
DELL Core i5 12th Gen 1235U - (8 GB/512 GB SSD/Windows 11 Home) New Inspiron 15 Laptop Thin and Light ...,"₹52,990"
Acer Aspire 7 Core i5 12th Gen 12450H - (16 GB/512 GB SSD/Windows 11 Home/4 GB Graphics/NVIDIA GeForce...,"₹54,990"
MSI Modern 14 Core i7 12th Gen 1255U - (16 GB/512 GB SSD/Windows 11 Home) Modern 14 C12M-671IN Thin an...,"₹67,990"
Acer One14 Backlit Core i5 11th Gen 1155G7 - (16 GB/512 GB SSD/Windows 11 Home) Z8-415 Thin and Light ...,"₹36,990"
Infinix Core i5 10th Gen 1035G1 - (8 GB/512 GB SSD/Windows 11 Home) XL28 Thin and Light Laptop,"₹59,990"
Acer Aspire Lite Core i3 11th Gen 1115G4 - (16 GB/512 GB SSD/Windows 11 Home) AL15-51 Thin and Light L...,"₹34,990"
Infinix X2 Slim Series Core i5 11th Gen 1155G7 - (16 GB/1 TB SSD/Windows 11 Home) XL23 Thin and Light ...,"₹37,990"
Lenovo V15 Ryzen 3 Quad Core 7320U - (8 GB/512 GB SSD/DOS) V15 G4 Thin and Light Laptop,"₹27,990"
ASUS Zenbook 14 OLED (2023) Ryzen 5 Hexa Core 7530U - (16 GB/512 GB SSD/Windows 11 Home) UM3402YA-KM54...,"₹72,990"
CHUWI Celeron Dual Core 11th Gen N4020 - (8 GB/256 GB SSD/Windows 11 Home) HeroBook Pro Laptop,"₹17,990"
ASUS ROG Strix G15 Ryzen 7 Octa Core 6800H - (16 GB/512 GB SSD/Windows 11 Home/4 GB Graphics/NVIDIA Ge...,"₹83,990"
HP (2023) Intel Core i5 12th Gen 1235U - (8 GB/512 GB SSD/Windows 11 Home) 15s-fy5002TU Thin and Light...,"₹55,490"
MSI GF63 Core i7 11th Gen 11800H - (8 GB/512 GB SSD/Windows 11 Home/4 GB Graphics/NVIDIA GeForce GTX 1...,"₹54,990"
HP 15s (2023) Ryzen 3 Quad Core 7320U - (8 GB/512 GB SSD/Windows 11 Home) 15-fc0026AU Thin and Light L...,"₹38,990"
Lenovo Ryzen 5 Quad Core - (8 GB/512 GB SSD/Windows 11 Home) V15 Laptop,"₹37,990"
ASUS Vivobook 16 (2023) Ryzen 5 Hexa Core 7530U - (16 GB/1 TB SSD/Windows 11 Home) M1605YA-MB551WS Lap...,"₹55,990"
DELL Inspiron Core i5 11th Gen 1135G7 - (8 GB/512 GB SSD/Windows 11 Home) Inspiron 3511 Thin and Light...,"₹48,900"
HP 255 G9 Athlon Dual Core AMD Athlon Silver-3050U - (4 GB/256 GB SSD/DOS) 255 G9 Thin and Light Lapto...,"₹19,849"
GIGABYTE G Series Core i5 12th Gen 12450H - (16 GB/512 GB SSD/Windows 11 Home/6 GB Graphics/NVIDIA GeF...,"₹71,990"
ASUS Vivobook Go 15 (2023) Ryzen 5 Quad Core 7520U - (8 GB/512 GB SSD/Windows 11 Home) E1504FA-NJ523WS...,"₹44,990"
Lenovo IdeaPad 3 Intel Core i5 12th Gen 12450H - (16 GB/512 GB SSD/Windows 11 Home/4 GB Graphics/NVIDI...,"₹67,990"
GIGABYTE G5 GE-51IN213SH Core i5 12th Gen 12500H - (8 GB/512 GB SSD/Windows 11 Home/4 GB Graphics/NVID...,"₹69,990"
Infinix X3 Slim Intel Core i3 12th Gen 1215U - (8 GB/512 GB SSD/Windows 11 Home) XL422 Thin and Light ...,"₹30,990"
ASUS Vivobook S 15 OLED (2023) Intel EVO H-Series Core i5 13th Gen 13500H - (16 GB/512 GB SSD/Windows ...,"₹82,990"
HP Victus Core i5 12th Gen 12450H - (8 GB/512 GB SSD/Windows 11 Home/4 GB Graphics/NVIDIA GeForce GTX ...,"₹58,990"
GIGABYTE Core i5 12th Gen 12500H - (16 GB/1 TB SSD/Windows 11 Pro/8 GB Graphics/NVIDIA GeForce RTX 407...,"₹1,49,990"
"ASUS Vivobook Pro 15 For Creator, Ryzen 5 Hexa Core 5600HS - (8 GB/512 GB SSD/Windows 11 Home/4 GB Gra...","₹49,990"
HP Pavilion Ryzen 5 Hexa Core 5625U - (16 GB/512 GB SSD/Windows 11 Home) 14-EC1005AU Thin and Light La...,"₹56,999"
GIGABYTE Core i7 13th Gen 13700H - (16 GB/1 TB SSD/Windows 11 Pro/8 GB Graphics/NVIDIA GeForce RTX 407...,"₹1,69,990"
MICROSOFT Surface Pro 9 Core i5 12th Gen 1235U - (8 GB/256 GB SSD/Windows 11 Home) QEZ-00048 Thin and ...,"₹1,13,990"
MSI Katana 15 Core i5 13th Gen 13500H - (32 GB/1 TB SSD/Windows 11 Home/6 GB Graphics/NVIDIA GeForce R...,"₹88,990"
HP Ryzen 5 Hexa Core 5500U - (8 GB/512 GB SSD/Windows 11 Home) 15s- eq2223AU Thin and Light Laptop,"₹41,990"
"DELL Inspiron 5430 Core i7 13th Gen 13th Generation Intel® CoreTM i7-1355U Processor (12MB Cache, up to...","₹88,890"
ASUS Vivobook 15 Core i5 12th Gen 1235U - (8 GB/512 GB SSD/Windows 11 Home) X1502ZA-EJ515WS Thin and L...,"₹47,990"
DELL G15 Core i5 12th Gen 12500H - (8 GB/512 GB SSD/Windows 11 Home/4 GB Graphics/NVIDIA GeForce RTX 3...,"₹69,790"
ASUS Vivobook 15 Core i3 11th Gen 1115G4 - (8 GB/512 GB SSD/Windows 11 Home) X515EA-EJ322WS | X515EA-E...,"₹33,990"
Acer Extensa Core i3 11th Gen 1115G4 - (8 GB/512 GB SSD/Windows 11 Home) EX 215-54/ EX 215-54-356V Thi...,"₹31,500"
Acer Aspire 3 15 Ryzen 3 Quad Core 7320U - (8 GB/256 GB SSD/Windows 11 Home) A315-24P Thin and Light L...,"₹27,990"
Acer Aspire 7 (2023) Core i5 12th Gen 12450H - (16 GB/512 GB SSD/Windows 11 Home/4 GB Graphics/NVIDIA ...,"₹52,990"
CHUWI Core i3 10th Gen 1005G1 - (8 GB/512 GB SSD/Windows 11 Home) CoreBook X Grey Laptop,"₹23,990"
HP Ryzen 5 Hexa Core 5500U - (16 GB/512 GB SSD/Windows 11 Home) fy1003AU Thin and Light Laptop,"₹44,999"
MSI Modern 14 Ryzen 5 Hexa Core 7530U - (8 GB/512 GB SSD/Windows 11 Home) Modern 14 C7M-063IN Thin and...,"₹47,990"
HP Pavilion Core i7 12th Gen 1255U - (16 GB/1 TB SSD/Windows 11 Home) 14-dv2015TU Thin and Light Lapto...,"₹84,999"
ASUS Vivobook 16 (2023) Ryzen 5 Hexa Core 7530U - (16 GB/512 GB SSD/Windows 11 Home) M1605YA-MB542WS L...,"₹51,990"
MSI GF63 Thin Core i5 12th Gen 12450H - (16 GB/512 GB SSD/Windows 11 Home/4 GB Graphics/NVIDIA GeForce...,"₹62,990"
DELL Inspiron 15 3520 Core i5 12th Gen Core i5 - (16 GB/512 GB SSD/Windows 11 Home) Inspiron 3520 Lapt...,"₹59,870"
MSI Bravo 15 Ryzen 7 Octa Core 5800H - (16 GB/512 GB SSD/Windows 11 Home/4 GB Graphics/AMD Radeon RX65...,"₹62,990"
ASUS Zenbook 14X OLED Ryzen 5 Hexa Core 5600HS - (16 GB/512 GB SSD/Windows 11 Home) UM5401QA-KM541WS T...,"₹57,990"
Lenovo Core i5 11th Gen i5-1155G7 - (8 GB/512 GB SSD/Windows 11 Home) 82H803TWIN Thin and Light Laptop,"₹43,880"
ASUS TUF Gaming F15 - AI Powered Gaming Core i5 11th Gen 11260H - (8 GB/512 GB SSD/Windows 11 Home/4 G...,"₹53,990"
Acer Aspire 3 Core i3 12th Gen - (8 GB/512 GB SSD/Windows 11 Home) A315-59-329J Thin and Light Laptop,"₹34,990"
MSI GF63 Core i5 11th Gen 11400H - (16 GB/512 GB SSD/Windows 11 Home/4 GB Graphics/NVIDIA GeForce GTX ...,"₹53,990"
HP 250 G9 Core i5 12th Gen 12th Generation Intel Core i5-1235U Processor - (8 GB/512 GB SSD/Windows 11...,"₹52,990"
HP Laptop with Backlit Keyboard Core i3 11th Gen - (8 GB/512 GB SSD/Windows 11 Home) 15s-fr2512tu Lapt...,"₹41,900"
Lenovo Core i7 12th Gen 1255U - (16 GB/512 GB SSD/Windows 11 Home) ThinkBook 15 G4 Thin and Light Lapt...,"₹62,990"
HP 250 G9 Core i3 12th Gen Intel Core i3 1215U - (8 GB/512 GB SSD/Windows 11 Home) 7M657PA Thin and Li...,"₹36,999"
Acer Predator Neo (2023) Core i7 13th Gen 13700HX - (16 GB/512 GB SSD/Windows 11 Home/6 GB Graphics/NV...,"₹1,04,990"
Lenovo Yoga Slim 6 Intel Evo Core i5 12th Gen 1240P - (16 GB/512 GB SSD/Windows 11 Home) 14IAP8 Thin a...,"₹64,990"
ASUS TUF Gaming F15 Core i5 12th Gen i5-12500H - (16 GB/512 GB SSD/Windows 11 Home/4 GB Graphics/NVIDI...,"₹85,800"
Lenovo Lenovo IdeaPad Slim1 Ryzen 5 Hexa Core 5500U - (8 GB/512 GB SSD/Windows 11 Home) 15ACL6 | 15ACL...,"₹37,990"
Acer Predator Neo (2023) Core i7 13th Gen 13700HX - (16 GB/1 TB SSD/Windows 11 Home/6 GB Graphics/NVID...,"₹1,19,990"
DELL Core i3 11th Gen - (8 GB/512 GB SSD/Windows 11 Home) 3520 Laptop,"₹36,990"
Acer Swift 3 Intel EVO Core i5 12th Gen 1240P - (8 GB/512 GB SSD/Windows 11 Home) SF314-512-52PP Thin ...,"₹60,890"
Lenovo V15 Ryzen 3 Quad Core 7320U - (8 GB/512 GB SSD/Windows 11 Home) V15 G4 Thin and Light Laptop,"₹29,990"
MSI Modern 14 Ryzen 5 Hexa Core 7530U - (16 GB/512 GB SSD/Windows 11 Home) Modern 14 C7M-062IN Thin an...,"₹50,990"
HP Ryzen 5 Hexa Core 5600H - (8 GB/512 GB SSD/Windows 11 Home/4 GB Graphics/AMD Radeon AMD Radeon RX 6...,"₹50,490"
HP Victus Ryzen 5 Hexa Core 7535HS - (8 GB/512 GB SSD/Windows 11 Home/4 GB Graphics/NVIDIA GeForce RTX...,"₹54,990"
ASUS Vivobook 15 Core i5 12th Gen 1235U - (16 GB/512 GB SSD/Windows 11 Home) X1502ZA-EJ545WS Thin and ...,"₹50,990"
APPLE 2023 MacBook Pro M3 - (8 GB/512 GB SSD/macOS Sonoma) MR7J3HN/A,"₹1,69,900"
ZEBRONICS Pro Series Y Intel Core i3 11th Gen 1125G4 - (8 GB/512 GB SSD/Windows 11 Home) ZEB-NBC 1S Th...,"₹29,990"
HP Pavilion Ryzen 5 Hexa Core 5625U - (8 GB/512 GB SSD/Windows 11 Home) 14-EC1003AU Thin and Light Lap...,"₹52,999"
Infinix X2 Slim Intel Core i3 11th Gen 1115G4 - (8 GB/512 GB SSD/Windows 11 Home) XL23 Thin and Light ...,"₹28,990"
MSI GF63 Core i5 11th Gen 11260H - (8 GB/512 GB SSD/Windows 11 Home/4 GB Graphics/NVIDIA GeForce RTX 2...,"₹47,990"
HP 15s Intel Core i5 12th Gen 1235U - (16 GB/512 GB SSD/Windows 11 Home) 15s-fq5112TU Thin and Light L...,"₹55,580"
HP Core i5 12th Gen 1235U - (8 GB/512 GB SSD/Windows 11 Home) 15s-fq5202TU Thin and Light Laptop,"₹53,990"
ASUS Vivobook Go 15 OLED (2023) Ryzen 5 Quad Core 7520U - (16 GB/512 GB SSD/Windows 11 Home) E1504FA-L...,"₹50,990"
Acer Nitro 5 Core i7 12th Gen 12650H - (16 GB/512 GB SSD/Windows 11 Home/6 GB Graphics/NVIDIA GeForce ...,"₹89,990"
HP Core i3 11th Gen - (8 GB/512 GB SSD/Windows 11 Home) 15S-FQ2738TU Laptop,"₹38,990"
MICROSOFT Surface Pro 9 Core i7 12th Gen 1255U - (16 GB/512 GB SSD/Windows 11 Home) QIX-00031 Thin and...,"₹1,92,990"
APPLE 2023 MacBook Pro M3 Pro - (18 GB/512 GB SSD/macOS Sonoma) MRX63HN/A,"₹1,99,900"
HP 15s (2023) Ryzen 5 Quad Core 7520U - (8 GB/512 GB SSD/Windows 11 Home) 15-fc0028AU Thin and Light L...,"₹43,490"
Acer Aspire 5 Gaming Core i5 13th Gen 1335U - (16 GB/512 GB SSD/Windows 11 Home/4 GB Graphics/NVIDIA G...,"₹56,990"
Acer Nitro 5 Core i5 12th Gen 12450H - (16 GB/512 GB SSD/Windows 11 Home/4 GB Graphics/NVIDIA GeForce ...,"₹69,990"
CHUWI Celeron Dual Core 10th Gen N4020 - (4 GB/128 GB SSD/Windows 11 Home) HeroBook Air Laptop,"₹15,990"
ASUS TUF Gaming F15 with 90WHr Battery Intel H-Series Core i7 12th Gen 12700H - (16 GB/1 TB SSD/Window...,"₹96,990"
Acer Aspire 3 Core i5 12th Gen - (8 GB/512 GB SSD/Windows 11 Home) A315-59 Notebook,"₹42,990"
MSI GF63 Core i7 12th Gen 12650H - (16 GB/512 GB SSD/Windows 11 Home/6 GB Graphics/NVIDIA GeForce RTX ...,"₹87,990"
MSI Modern 14 Core i5 12th Gen 1235U - (16 GB/512 GB SSD/Windows 11 Home) Modern 14 C12M-439IN Thin an...,"₹49,990"
HP Pavilion (2023) Eyesafe Ryzen 5 Hexa Core 5625U - (16 GB/512 GB SSD/Windows 11 Home) 14-EC1019AU Th...,"₹59,999"
MSI Modern 14 Core i5 12th Gen 1235U - (8 GB/512 GB SSD/Windows 11 Home) Modern 14 C12M-440IN Thin and...,"₹47,990"
Lenovo IdeaPad Gaming 3 AMD Ryzen 5 Hexa Core 6600H - (16 GB/512 GB SSD/Windows 11 Home/4 GB Graphics/...,"₹66,990"
HP 15s (2023) Intel Core i5 13th Gen 1335U - (8 GB/512 GB SSD/Windows 11 Home) 15-fd0022TU Thin and Li...,"₹61,490"
APPLE 2022 MacBook AIR M2 - (8 GB/512 GB SSD/Mac OS Monterey) MLY23HN/A,"₹1,35,990"
HP Victus Core i7 12th Gen 12650H - (16 GB/512 GB SSD/Windows 11 Home/4 GB Graphics/NVIDIA GeForce RTX...,"₹84,990"
HP 15s Intel Core i5 11th Gen 1135G7 - (8 GB/1 TB HDD/Windows 10 Home/2 GB Graphics) 15s-du3060TX Thin...,"₹57,000"
DELL G15 Core i5 12th Gen 12500H - (16 GB/512 GB SSD/Windows 11 Home/4 GB Graphics/NVIDIA GeForce RTX ...,"₹70,990"
Acer Extensa (2023) Ryzen 5 Quad Core 7520U - (8 GB/512 GB SSD/Windows 11 Home) EX215-23 Notebook,"₹34,990"
APPLE 2023 MacBook Pro M3 Pro - (18 GB/512 GB SSD/macOS Sonoma) MRX33HN/A,"₹1,99,900"
DELL Inspiron Core i3 11th Gen 1115G4 - (8 GB/512 GB SSD/Windows 11 Home) 3520 Thin and Light Laptop,"₹37,989"
HP Pavilion x360 Intel Core i5 13th Gen 1335U - (16 GB/1 TB SSD/Windows 11 Home) 14-ek1010TU 2 in 1 La...,"₹79,990"
ZEBRONICS Pro Series Z Intel Core i3 12th Gen 1215U - (8 GB/512 GB SSD/Windows 11 Home) ZEB-NBC 3S Thi...,"₹33,990"
Lenovo Ideapad Slim 3i Intel Core i5 11th Gen 1135G7 - (8 GB/256 GB SSD/Windows 10 Home) 15ITL6/ 15ITL...,"₹44,990"
Acer Aspire 5 Core i5 13th Gen 1335U - (16 GB/512 GB SSD/Windows 11 Home/4 GB Graphics/NVIDIA GeForce ...,"₹54,990"
HP Victus Ryzen 7 Octa Core 5800H - (16 GB/512 GB SSD/Windows 11 Home/4 GB Graphics/NVIDIA GeForce RTX...,"₹76,990"
ASUS ROG Strix G16 (2023) with 90WHr Battery Intel HX-Series Core i7 13th Gen 13650HX - (16 GB/1 TB SS...,"₹1,42,990"
APPLE 2022 MacBook AIR M2 - (8 GB/256 GB SSD/Mac OS Monterey) MLY33HN/A,"₹1,04,990"
HP Ryzen 5 Hexa Core 5500U - (8 GB/512 GB SSD/Windows 11 Home) 14s-fq1092au Thin and Light Laptop,"₹44,990"
"ASUS Vivobook Pro 15 For Creator, Ryzen 7 Octa Core 5800HS - (16 GB/512 GB SSD/Windows 11 Home/4 GB Gr...","₹70,990"
ASUS TUF Gaming F15 Core i5 12th Gen 12500H - (16 GB/512 GB SSD/Windows 11 Home/4 GB Graphics/NVIDIA G...,"₹72,990"
APPLE 2022 MacBook AIR M2 - (8 GB/512 GB SSD/Mac OS Monterey) MLXX3HN/A,"₹1,35,990"
Lenovo Ryzen 3 Octa Core - (8 GB/512 GB SSD/Windows 11 Home) G4 82YTA00XIN Laptop,"₹30,990"
HP Intel Core i5 12th Gen 1235U - (16 GB/512 GB SSD/Windows 11 Home) 14s - dy5005TU Thin and Light Lap...,"₹59,990"
DELL Inspiron 5430 Core i5 13th Gen - (16 GB/1 TB SSD/Windows 11 Home) IN5430JNH1P001ORS1 Laptop,"₹77,890"
MSI Katana 17 Core i7 12th Gen 12650H - (16 GB/1 TB SSD/Windows 11 Home/8 GB Graphics/NVIDIA GeForce R...,"₹1,00,990"
Lenovo IdeaPad Slim 5 Intel Core i5 12th Gen 1235U - (16 GB/512 GB SSD/Windows 11 Home) 15IAL7 Thin an...,"₹61,990"
MSI Modern 14 Core i5 11th Gen 1155G7 - (8 GB/512 GB SSD/Windows 11 Home) Modern 14 C11M-030IN Thin an...,"₹42,990"
ASUS Vivobook Go 15 (2023) Ryzen 5 Quad Core 7520U - (8 GB/512 GB SSD/Windows 11 Home) E1504FA-NJ521WS...,"₹39,990"
realme Book Prime Core i5 11th Gen 11320H - (8 GB/512 GB SSD/Windows 11 Home) CloudPro002 Thin and Lig...,"₹47,999"
"ASUS Vivobook 16X For Creator, Intel H-Series Core i7 12th Gen 12650H - (16 GB/512 GB SSD/Windows 11 H...","₹1,04,990"
HP (2023) Intel 12th Gen N305 Core i3 N305 - (8 GB/512 GB SSD/Windows 11 Home) 14-Ep0068TU Thin and Li...,"₹41,990"
MSI GF63 Core i7 11th Gen 11800H - (16 GB/1 TB HDD/256 GB SSD/Windows 11 Home/4 GB Graphics/NVIDIA GeF...,"₹65,990"
HP Victus Ryzen 5 Hexa Core 5600H - (8 GB/512 GB SSD/Windows 11 Home/4 GB Graphics/NVIDIA GeForce GTX ...,"₹55,390"
Lenovo IdeaPad Slim 3 Intel Core i3 11th Gen 1115G4 - (8 GB/512 GB SSD/Windows 11 Home) 14ITL6 Thin an...,"₹35,890"
ASUS Vivobook 15 Touch Core i3 11th Gen 1115G4 - (8 GB/512 GB SSD/Windows 11 Home) X515EA-EZ311WS Thin...,"₹49,499"
Acer Core i5 11th Gen - (8 GB/512 GB SSD/Windows 11 Home) AL15-51 Laptop,"₹39,990"
ZEBRONICS Pro Series Y Intel Core i5 11th Gen 1155G7 - (8 GB/512 GB SSD/Windows 11 Home) ZEB-NBC 2S Th...,"₹32,990"
APPLE 2022 MacBook AIR M2 - (8 GB/512 GB SSD/Mac OS Monterey) MLY43HN/A,"₹1,35,990"
Acer Predator Neo (2023) Core i5 13th Gen 13500HX - (16 GB/512 GB SSD/Windows 11 Home/6 GB Graphics/NV...,"₹99,990"
APPLE 2020 Macbook Air M1 - (8 GB/256 GB SSD/Mac OS Big Sur) MGN63HN/A,"₹84,990"
HP Victus Ryzen 7 Octa Core 7840HS - (16 GB/512 GB SSD/Windows 11 Home/6 GB Graphics/NVIDIA GeForce RT...,"₹85,999"
Lenovo IdeaPad 3 Core i3 12th Gen 1215U - (8 GB/512 GB SSD/Windows 11 Home) 14IAU7 Thin and Light Lapt...,"₹39,990"
Acer Predator Triton 500 SE Core i7 12th Gen 12700H - (32 GB/2 TB SSD/Windows 11 Home/8 GB Graphics/NV...,"₹1,47,090"
Lenovo IdeaPad Gaming 3 Intel Core i5 11th Gen 11320H - (8 GB/512 GB SSD/Windows 11 Home/4 GB Graphics...,"₹51,990"
Lenovo IdeaPad Gaming 3 Intel Core i5 11th Gen 11300H - (16 GB/512 GB SSD/Windows 11 Home/4 GB Graphic...,"₹63,490"
ASUS ROG Strix G15 (2022) Ryzen 7 Octa Core AMD R7-6800H - (16 GB/512 GB SSD/Windows 11 Home/4 GB Grap...,"₹89,990"
ASUS Vivobook Pro 15 OLED For Creator Ryzen 7 Octa Core 5800HS - (16 GB/512 GB SSD/Windows 11 Home/4 G...,"₹69,990"
HP 15s (2023) Ryzen 5 Quad Core 7520U - (16 GB/512 GB SSD/Windows 11 Home) 15-fc0030AU Thin and Light ...,"₹47,490"
ASUS ROG Flow X13 (2022) Ryzen 9 Octa Core 6900HS - (16 GB/1 TB SSD/Windows 11 Home/4 GB Graphics/NVID...,"₹99,990"
ZEBRONICS Pro Series Z Intel Core i7 12th Gen 1255U - (16 GB/1 TB SSD/Windows 11 Home) ZEB-NBC 5S Thin...,"₹54,990"
HP Pavilion Plus Intel Core i5 13th Gen 1340P - (16 GB/512 GB SSD/Windows 11 Home) 14-eh1022TU Thin an...,"₹80,990"
Infinix X3 Slim Intel Core i7 12th Gen 1255U - (16 GB/512 GB SSD/Windows 11 Home) XL422 Thin and Light...,"₹46,990"
ASUS TUF Gaming F15 Core i5 10th Gen 10300H - (8 GB/512 GB SSD/Windows 11 Home/4 GB Graphics/NVIDIA Ge...,"₹56,300"
HP Victus Ryzen 5 Hexa Core 5600H - (16 GB/512 GB SSD/Windows 11 Home/4 GB Graphics/NVIDIA GeForce RTX...,"₹64,990"
APPLE 2023 MacBook Pro M2 Max - (32 GB/1 TB SSD/macOS Ventura) MPHG3HN/A,"₹2,90,990"
ASUS Chromebook Celeron Dual Core N4500 - (8 GB/128 GB EMMC Storage/Chrome OS) CX1400CKA-EK0266 Chrome...,"₹23,005"
HP Pavilion Intel Core i5 12th Gen 1235U - (16 GB/512 GB SSD/Windows 11 Home) 14-dv2014TU Thin and Lig...,"₹66,999"
APPLE 2023 Macbook Air M2 - (8 GB/256 GB SSD/macOS Ventura) MQKR3HN/A,"₹1,26,990"
Lenovo IdeaPad Slim 5i Core i5 13th Gen 13500H - (16 GB/512 GB SSD/Windows 11 Home) 82XF003CIN Thin an...,"₹68,990"
Lenovo IdeaPad Gaming 3 Intel Core i7 12th Gen 12700H - (16 GB/512 GB SSD/Windows 11 Home/6 GB Graphic...,"₹97,990"
HP Victus Core i5 11th Gen 11400H - (16 GB/512 GB SSD/Windows 11 Home/4 GB Graphics/NVIDIA GeForce GTX...,"₹58,990"
Lenovo V15 Intel Core i5 11th Gen 1135G7 - (8 GB/512 GB SSD/Windows 11 Home) V15 ITL G2 Thin and Light...,"₹46,990"
HP 255 G8 Ryzen 5 Hexa Core AMD Ryzen 5 5500U - (8 GB/256 GB SSD/Windows 11 Home) 255 Business Laptop,"₹33,999"
HP Core i7 13th Gen 1355U - (16 GB/1 TB SSD/Windows 11 Home) 15-FE0032TU Laptop,"₹1,16,990"
HP Pavilion x360 Intel Core i5 12th Gen 1235U - (16 GB/512 GB SSD/Windows 11 Home) 14-ek0074TU 2 in 1 ...,"₹74,990"
HP 360 Intel Celeron Dual Core N4020 - (4 GB/64 GB EMMC Storage/Chrome OS) 14a-ca0506TU Chromebook,"₹27,490"
DELL Alienware Core i9 12th Gen 12900H - (32 GB/1 TB HDD/1 TB SSD/Windows 11 Home/8 GB Graphics/NVIDIA...,"₹2,42,690"
Lenovo IdeaPad Slim 1 AMD Ryzen 3 Quad Core 7320U - (8 GB/512 GB SSD/Windows 11 Home) 15AMN7 Thin and ...,"₹32,990"
DELL Core i5 13th Gen 1335U - (16 GB/1 TB SSD/Windows 11 Home) Inspiron 3530 Thin and Light Laptop,"₹69,990"
Acer Extensa Core i3 N305 - (8 GB/256 GB SSD/Windows 11 Home) EX215-33 Notebook,"₹29,990"
Acer Aspire 3 Core i3 11th Gen 1115G4 - (8 GB/512 GB SSD/Windows 11 Home) A315-58 Notebook,"₹31,990"
ZEBRONICS Pro Series Y Intel Core i5 11th Gen 1155G7 - (16 GB/512 GB SSD/Windows 11 Home) ZEB-NBC 2S T...,"₹34,990"
ASUS Core i3 10th Gen 1005G1 - (8 GB + 32 GB Optane/512 GB SSD/Windows 10 Home) X515JA-EJ362TS Thin an...,"₹35,390"
DELL Vostro Core i3 10th Gen 1005G1 - (4 GB/256 GB SSD/Windows 10 Home) Vostro 3401 Thin and Light Lap...,"₹35,600"
APPLE 2022 MacBook Pro M2 - (8 GB/256 GB SSD/Mac OS Monterey) MNEP3HN/A,"₹1,21,990"
Infinix ZEROBOOK 13 Intel Core i7 13th Gen 13700H - (32 GB/1 TB SSD/Windows 11 Home) ZL513 Thin and Li...,"₹67,990"
MICROSOFT Surface Pro 9 Core i5 12th Gen 1235U - (8 GB/256 GB SSD/Windows 11 Home) QEZ-00065 Thin and ...,"₹1,13,990"
Lenovo Ryzen 5 - (16 GB/512 GB SSD/Windows 11 Home/4 GB Graphics/NVIDIA GeForce RTX NVIDIA® GeForce RT...,"₹60,990"
HP 360 Intel Celeron Quad Core N4020 - (4 GB/64 GB EMMC Storage/Chrome OS) 14a-ca0504TU Chromebook,"₹27,490"
ASUS Vivobook S14 OLED Intel EVO H-Series Core i5 12th Gen 12500H - (16 GB/512 GB SSD/Windows 11 Home)...,"₹69,990"
HP Victus Core i5 11th Gen 11400H - (8 GB/512 GB SSD/Windows 11 Home/4 GB Graphics/NVIDIA GeForce GTX ...,"₹55,990"
SAMSUNG Galaxy Book3 Core i5 13th Gen 1335U - (16 GB/512 GB SSD/Windows 11 Home) NP750XFG-KA2IN Thin a...,"₹79,990"
ASUS Chromebook Celeron Dual Core N4500 - (4 GB/128 GB EMMC Storage/Chrome OS) CX1400CKA-EK0335 Chrome...,"₹21,430"
ZEBRONICS Pro Series Z Intel Core i5 12th Gen 1235U - (16 GB/512 GB SSD/Windows 11 Home) ZEB-NBC 4S Th...,"₹42,990"
Lenovo ThinkBook 15 Ryzen 3 Hexa Core 5300U - (8 GB/512 GB SSD/Windows 11 Home) TB15 G3 ACL Thin and L...,"₹37,999"
DELL Inspiron Core i5 11th Gen 1135G7 - (8 GB/1 TB HDD/256 GB SSD/Windows 11 Home) INSPIRON 3511 Thin ...,"₹53,746"
APPLE 2023 Macbook Air M2 - (8 GB/256 GB SSD/macOS Ventura) MQKU3HN/A,"₹1,26,990"
HP Envy x360 (2023) Intel Core i5 13th Gen 1335U - (16 GB/512 GB SSD/Windows 11 Home) 15-fe0027TU Lapt...,"₹87,990"
DELL Ryzen 5 Quad Core 7520U - (8 GB/1 TB SSD/Windows 11 Home) Inspiron 3535 Thin and Light Laptop,"₹47,990"
SAMSUNG Galaxy Book3 Core i5 13th Gen 1335U - (8 GB/512 GB SSD/Windows 11 Home) NP750XFG-KB1IN Thin an...,"₹74,990"
HP Envy x360 Creator Intel Evo Core i5 12th Gen 1230U - (16 GB/512 GB SSD/Windows 11 Home) 13-bf0121TU...,"₹85,490"
ASUS Vivobook 15 Ryzen 7 Octa Core 5800HS - (16 GB/512 GB SSD/Windows 11 Home) M1502QA-EJ742WS Thin an...,"₹49,990"
Lenovo LOQ Intel Core i5 12th Gen 12450H - (16 GB/512 GB SSD/Windows 11 Home/4 GB Graphics/NVIDIA GeFo...,"₹66,990"
ASUS Vivobook Go 15 Celeron Dual Core N4020 - (8 GB/512 GB SSD/Windows 11 Home) E510MA-EJ021WS Thin an...,"₹26,990"
HP Pavilion Intel Core i5 12th Gen 1235U - (8 GB/512 GB SSD/Windows 11 Home) 14-dv2053TU Thin and Ligh...,"₹62,999"
Lenovo Ideapad Gaming 3 AMD Ryzen 5 Hexa Core 5600H - (8 GB/512 GB SSD/Windows 11 Home/4 GB Graphics/N...,"₹48,990"
DELL Inspiron 3511 Core i5 11th Gen - (8 GB/512 GB SSD/Windows 11 Home) D560745WIN9B Laptop,"₹47,689"
ZEBRONICS Pro Series Z Intel Core i7 12th Gen 1255U - (16 GB/512 GB SSD/Windows 11 Home) ZEB-NBC 5S Th...,"₹52,990"
APPLE 2022 MacBook AIR M2 - (8 GB/512 GB SSD/Mac OS Monterey) MLY03HN/A,"₹1,35,990"
Lenovo Athlon Dual Core 3150U - (4 GB/1 TB HDD/DOS) E41-55 Thin and Light Laptop,"₹22,600"
Acer Aspire 7 (2023) Core i5 12th Gen 12450H - (8 GB/512 GB SSD/Windows 11 Home/4 GB Graphics/NVIDIA G...,"₹50,990"
ASUS Vivobook 16 (2023) Core i3 13th Gen 1315U - (8 GB/512 GB SSD/Windows 11 Home) X1605VAB-MB322WS La...,"₹45,990"
Infinix INBook X1 Neo Series Celeron Quad Core 11th Gen N5100 - (4 GB/128 GB SSD/Windows 11 Home) XL22...,"₹27,990"
DELL Core i5 11th Gen 1135G7 - (8 GB/512 GB SSD/Windows 11 Home) Vostro 3510 Thin and Light Laptop,"₹47,990"
ASUS ROG Strix SCAR 16 (2023) with 90WHr Battery Intel HX-Series Core i9 13th Gen 13980HX - (32 GB/1 T...,"₹2,84,990"
Lenovo LOQ Intel Core i5 12th Gen 12450H - (16 GB/512 GB SSD/Windows 11 Home/6 GB Graphics/NVIDIA GeFo...,"₹79,990"
ASUS VivoBook 15 (2022) Core i3 10th Gen 1005G1 - (8 GB/512 GB SSD/Windows 11 Home) X515JA-BQ322WS Thi...,"₹31,990"
Lenovo IdeaPad Gaming 3 Intel Core i5 11th Gen 11300H - (8 GB/512 GB SSD/Windows 11 Home/4 GB Graphics...,"₹62,990"
HP Chromebook MediaTek Kompanio 500 - (4 GB/64 GB EMMC Storage/Chrome OS) 11A-NA0002MU Chromebook,"₹22,490"
HP 250 G8 Core i3 11th Gen CoreTM i3-1115G4 - (8 GB/1 TB HDD/256 GB SSD/DOS) 250 G8 Business Laptop,"₹34,890"
Acer Predator Core i9 13th Gen 13900HX - (16 GB/1 TB SSD/Windows 11 Home/8 GB Graphics/NVIDIA GeForce ...,"₹1,59,990"
ASUS Ryzen 5 Octa Core - (16 GB/512 GB SSD/Windows 11 Home/AMD Radeon) M3500QC-L1501WS Gaming Laptop,"₹72,990"
HP Pavilion Aero (2023) Ryzen 7 Octa Core 7735U - (16 GB/1 TB SSD/Windows 11 Home) 13-BE2048AU Thin an...,"₹78,990"
HP Envy x360 Creator Intel Evo Core i5 12th Gen 1230U - (8 GB/512 GB SSD/Windows 11 Home) x360-bf0085T...,"₹80,490"
Lenovo IdeaPad Slim 3 AMD Ryzen 5 Quad Core 7520U - (16 GB/512 GB SSD/Windows 11 Home) 15AMN8 Thin and...,"₹43,990"
HP 14s Intel Celeron Dual Core N4500 - (8 GB/256 GB SSD/Windows 11 Home) 14s- dq3032tu Thin and Light ...,"₹31,100"
DELL Ryzen 7 Octa Core AMD R7-5800H - (16 GB/512 GB SSD/Windows 11 Home/6 GB Graphics/NVIDIA GeForce R...,"₹1,08,890"
Acer Swift 5 Core i5 8th Gen 8250U - (8 GB/512 GB SSD/Windows 10 Home) SF514-52T -59JY Thin and Light ...,"₹54,490"
"ASUS Vivobook 16X (2023) For Creator, Intel H-Series Core i5 12th Gen 12450H - (16 GB/512 GB SSD/Windo...","₹66,990"
ASUS ROG Strix G16 (2023) with 90WHr Battery Intel HX-Series Core i5 13th Gen 13450HX - (16 GB/1 TB SS...,"₹1,39,990"
ASUS Vivobook Go 15 Celeron Dual Core N4020 - (4 GB/256 GB SSD/Windows 11 Home) E510MA-EJ001W Thin and...,"₹22,990"
ASUS Vivobook 15 Ryzen 7 Octa Core 5800HS - (16 GB/512 GB SSD/Windows 11 Home) M1502QA-EJ741WS Thin an...,"₹49,990"
Acer Nitro V Core i5 13th Gen 13420H - (16 GB/512 GB SSD/Windows 11 Home/4 GB Graphics/NVIDIA GeForce ...,"₹66,990"
ASUS TUF Gaming F15 - AI Powered Gaming Core i5 11th Gen 11400H - (8 GB/512 GB SSD/Windows 11 Home/4 G...,"₹53,990"
MSI Modern 14 Core i3 12th Gen 1215U - (16 GB/512 GB SSD/Windows 11 Home) Modern 14 C12M-444IN Thin an...,"₹42,990"
Infinix ZERO BOOK ULTRA Series Laptop Intel Core i9 12th Gen 12900H - (32 GB/1 TB SSD/Windows 11 Home)...,"₹80,990"
ASUS Vivobook 14 (2022) Core i5 12th Gen 1235U - (8 GB/512 GB SSD/Windows 11 Home) X1402ZA-EK521WS Thi...,"₹56,990"
HP Pavilion Aero (2023) Ryzen 5 Hexa Core 7535U - (16 GB/512 GB SSD/Windows 11 Home) 13-BE2056AU Thin ...,"₹68,990"
Lenovo IdeaPad Slim 3 Intel Core i3 13th Gen 1305U - (8 GB/512 GB SSD/Windows 11 Home) 15IRU8 Thin and...,"₹44,990"
ASUS TUF Gaming F15 - AI Powered Gaming Core i5 11th Gen 11260H - (16 GB/512 GB SSD/Windows 11 Home/4 ...,"₹57,990"
Lenovo V14 Core i5 11th Gen 1135G7 - (8 GB/256 GB SSD/Windows 10) V14 Thin and Light Laptop,"₹43,500"
ASUS TUF Gaming F15 Core i5 10th Gen 10300H - (8 GB/512 GB SSD/Windows 11 Home/4 GB Graphics/NVIDIA Ge...,"₹51,990"
Acer Aspire 5 Core i5 11th Gen 1135G7 - (8 GB/512 GB SSD/Windows 11 Home) A515-56-51EV Thin and Light ...,"₹44,800"
DELL Inspiron Core i5 12th Gen 1235U - (8 GB/512 GB SSD/Windows 11 Home) Inspiron 3520 Thin and Light ...,"₹56,500"
Lenovo Legion 5 Pro Ryzen 7 Octa Core 5800H - (16 GB/1 TB SSD/Windows 11 Home/6 GB Graphics/NVIDIA GeF...,"₹1,04,990"
APPLE 2022 MacBook Pro M2 - (8 GB/256 GB SSD/Mac OS Monterey) MNEH3HN/A,"₹1,21,990"
Acer Swift Go 14 Ryzen 5 Hexa Core 7530U - (8 GB/512 GB SSD/Windows 11 Home) SFG14-41 Thin and Light L...,"₹54,990"
HP Envy x360 (2023) Intel Ryzen 5 Hexa Core 7530U - (16 GB/512 GB SSD/Windows 11 Home) 15-fh0015AU Lap...,"₹77,990"
DELL Core i3 10th Gen 1005G1 - (8 GB/1 TB HDD/256 GB SSD/Windows 10) Inspiron 3511 Thin and Light Lapt...,"₹38,290"
ASUS Vivobook AMD R5 5600H Ryzen 5 Hexa Core - (16 GB/512 GB SSD/Windows 11 Home) M1603QA-MB512WS Lapt...,"₹51,999"
Acer Aspire 5 Gaming Core i5 12th Gen 1240P - (16 GB/512 GB SSD/Windows 11 Home/4 GB Graphics/NVIDIA G...,"₹59,999"
DELL Core i7 12th Gen 1260P - (16 GB/512 GB SSD/Windows 11 Home/2 GB Graphics) Vostro 5620 Laptop,"₹90,890"
ASUS Vivobook S 14 Flip (2023) Ryzen 5 Hexa Core 7530U - (16 GB/512 GB SSD/Windows 11 Home) TN3402YAB-...,"₹60,990"
DELL Inspiron 5430 Core i5 13th Gen - (8 GB/512 GB SSD/Windows 11 Home) IN5430YXVW9M01ORS1 Laptop,"₹62,590"
Lenovo Legion 5 AMD Ryzen 7 Octa Core 5800H - (16 GB/1 TB SSD/Windows 11 Home/6 GB Graphics/NVIDIA GeF...,"₹99,990"
Lenovo IdeaPad 3 Intel Core i3 11th Gen 1115G4 - (8 GB/256 GB SSD/DOS) 15ITL6 Thin and Light Laptop,"₹36,790"
Acer Aspire 7 (2023) Core i5 12th Gen 12450H - (8 GB/512 GB SSD/Windows 11 Home/4 GB Graphics/NVIDIA G...,"₹51,990"
ASUS Vivobook Go 14 (2023) Intel Core i3 12th Gen N305 - (8 GB/512 GB SSD/Windows 11 Home) E1404GA-NK3...,"₹38,990"
Acer Nitro 5 Ryzen 5 Hexa Core AMD R5-5600H - (8 GB/512 GB SSD/Windows 11 Home/4 GB Graphics/NVIDIA Ge...,"₹67,000"
Lenovo IdeaPad Gaming 3 Intel Core i5 11th Gen 11320H - (8 GB/512 GB SSD/Windows 11 Home/4 GB Graphics...,"₹53,990"
Lenovo LOQ Intel Core i7 13th Gen 13620H - (16 GB/512 GB SSD/Windows 11 Home/6 GB Graphics/NVIDIA GeFo...,"₹96,990"
MSI Core i5 12th Gen 12450H - (16 GB/512 GB SSD/Windows 11 Home/6 GB Graphics/NVIDIA GeForce RTX 4050)...,"₹75,990"
ASUS Vivobook 16X Ryzen 5 Hexa Core R5-5600H - (16 GB/512 GB SSD/Windows 11 Home) M1603QA-MB511WS Lapt...,"₹61,000"
HP Spectre Eyesafe Intel Evo Core i7 12th Gen 1255U - (16 GB/512 GB SSD/Windows 11 Home) ef0053TU Note...,"₹1,30,990"
HP Pavilion Ryzen 5 Hexa Core 5625U - (8 GB/512 GB SSD/Windows 11 Home) 15-eh2050au Thin and Light Lap...,"₹52,990"
ASUS ROG Zephyrus G14 (2023) with 76WHr Battery Ryzen 9 Octa Core 7940HS - (32 GB/1 TB SSD/Windows 11 ...,"₹1,89,990"
ASUS Zenbook 14 OLED (2023) Ryzen 5 Hexa Core 7530U - (16 GB/1 TB SSD/Windows 11 Home) UM3402YA-KM551W...,"₹77,990"
HP Pavilion Core i5 13th Gen 1335U - (16 GB/1 TB SSD/Windows 11 Home) 15-eg3018TU Thin and Light Lapto...,"₹76,900"
ASUS Core i3 11th Gen 1115G4 - (8 GB/512 GB SSD/Windows 11 Home) X1500EA-EJ3379W Laptop,"₹35,690"
Lenovo V15 Core i3 11th Gen 1115G4 - (4 GB/256 GB SSD/Windows 10 Home) V15 ITL G2 Thin and Light Lapto...,"₹33,490"
DELL Core i5 11th Gen 11320H - (16 GB/512 GB SSD/Windows 11 Home/2 GB Graphics) Inspiron 5518 Thin and...,"₹62,900"
HP Victus Core i7 13th Gen 13700H - (16 GB/512 GB SSD/Windows 11 Home/6 GB Graphics/NVIDIA GeForce RTX...,"₹1,09,699"
HP 247 G8 Ryzen 5 Dual Core AMD Ryzen 5 3500U - (8 GB/512 GB SSD/Windows 11 Home) 247 G8 Notebook,"₹30,990"
Lenovo V15 Ryzen 5 Hexa Core 5500U - (8 GB/512 GB SSD/DOS) V15 G2 ALC Thin and Light Laptop,"₹34,990"
Lenovo Ideapad Gaming 3 Intel Core i5 11th Gen 11320H - (16 GB/512 GB SSD/Windows 11 Home/4 GB Graphic...,"₹53,415"
HP Intel Core i5 10th Gen 10300H - (16 GB/512 GB SSD/Windows 10 Home/4 GB Graphics) 15-ep0011TX Laptop,"₹66,390"
Lenovo IdeaPad 3 Intel Core i5 12th Gen 1235U - (8 GB/512 GB SSD/Windows 11 Home) 15IAU7 Thin and Ligh...,"₹47,999"
MSI GF63 Core i5 12th Gen 12450H - (16 GB/512 GB SSD/Windows 11 Home/4 GB Graphics/NVIDIA GeForce RTX ...,"₹59,990"
Lenovo V15 Ryzen 3 Quad Core 5300U - (8 GB/256 GB HDD/256 GB SSD/16 GB EMMC Storage/Windows 11 Home) V...,"₹33,990"
APPLE 2022 MacBook AIR M2 - (8 GB/256 GB SSD/Mac OS Monterey) MLXW3HN/A,"₹1,04,990"
MSI GF63 Core i7 12th Gen 12650H - (16 GB/1 TB SSD/Windows 11 Home/6 GB Graphics/NVIDIA GeForce RTX 40...,"₹90,990"
"ASUS Vivobook Pro 15 For Creator, Intel H-Series Core i9 11th Gen 11900H - (16 GB/512 GB SSD/Windows 1...","₹1,08,990"
ASUS TUF Gaming F17 - AI Powered Gaming Core i5 11th Gen 11400H - (8 GB/512 GB SSD/Windows 11 Home/4 G...,"₹61,990"
Lenovo IdeaPad 3 Intel Core i3 11th Gen 1115G4 - (8 GB/512 GB SSD/Windows 11 Home) 15ITL6 Thin and Lig...,"₹35,999"
HP 250 G8 Core i3 11th Gen - (8 GB/512 GB SSD/DOS) 250 G8 Notebook,"₹33,990"
Lenovo IdeaPad Gaming 3 Intel Core i5 12th Gen 12450H - (16 GB/512 GB SSD/Windows 11 Home/4 GB Graphic...,"₹69,990"
HP Envy x360 Creator OLED Eyesafe Intel Evo Core i5 12th Gen 1230U - (16 GB/512 GB SSD/Windows 11 Home...,"₹94,990"
HP Spectre x360 (2023) OLED Eyesafe Intel Evo Core i7 13th Gen 1360P - (32 GB/1 TB SSD/Windows 11 Home...,"₹1,84,490"
HP OMEN Core i7 13th Gen 13700HX - (16 GB/512 GB SSD/Windows 11 Home/8 GB Graphics/NVIDIA GeForce RTX ...,"₹1,38,999"
DELL Core i3 11th Gen - (8 GB/256 GB SSD/Ubuntu) 3420 Business Laptop,"₹37,400"
APPLE 2022 MacBook AIR M2 - (8 GB/256 GB SSD/Mac OS Monterey) MLY13HN/A,"₹1,04,990"
HP Chromebook (2023) Intel Core i5 11th Gen 1135G7 - (8 GB/256 GB SSD/Chrome OS) 14c-cc0010TU Chromebo...,"₹61,490"
Acer Swift Go 14 Ryzen 5 Hexa Core 7530U - (8 GB/512 GB SSD/Windows 11 Home) SFG14-41 Notebook,"₹54,980"
Acer Aspire 7 Ryzen 5 Hexa Core AMD R5-5500U - (8 GB/512 GB SSD/Windows 11 Home/4 GB Graphics/NVIDIA G...,"₹53,999"
DELL Dell Vostro 3510 Core i3 11th Gen 1115G4 - (8 GB/512 GB SSD/Windows 11 Home) Vostro 3510 Laptop,"₹43,074"
ASUS TUF Gaming F15 with 90Whr Battery with 90WHr Battery Intel H-Series Core i5 11th Gen 11400H - (16...,"₹64,990"
ASUS Core i3 11th Gen - (8 GB/512 GB SSD/Windows 11 Home) X1500EA-EJ3379WS Laptop,"₹32,990"
Lenovo Yoga 6 AMD Ryzen 5 Hexa Core 7530U - (16 GB/512 GB SSD/Windows 11 Home) 13ABR8 2 in 1 Laptop,"₹74,990"
ASUS ROG Strix SCAR 18 (2023) with 90WHr Battery Intel HX-Series Core i9 13th Gen 13980HX - (32 GB/1 T...,"₹2,79,990"
ASUS Zenbook 14X OLED Ryzen 7 Octa Core 5800HS - (16 GB/1 TB SSD/Windows 11 Home) UM5401QA-KM751WS Thi...,"₹71,990"
"ASUS Zenbook S 13 OLED (2023) 1 cm Thin & 1 kg Light, Intel EVO Core i5 13th Gen 1335U - (16 GB/512 GB...","₹97,990"
ASUS Zenbook 14 OLED (2023) Intel EVO P-Series Core i7 13th Gen 1360P - (16 GB/512 GB SSD/Windows 11 H...,"₹1,12,990"
HP Core i5 13th Gen 1335U - (8 GB/512 GB SSD/Windows 11 Home) 15-fd0021TU Thin and Light Laptop,"₹58,990"
DELL 7000 Series Core i7 12th Gen - (16 GB/512 GB SSD/Windows 11 Home/2 GB Graphics) New Inspiron 7420...,"₹98,890"
MSI GF63 Core i7 12th Gen 12650H - (16 GB/512 GB SSD/Windows 11 Home/8 GB Graphics/NVIDIA GeForce RTX ...,"₹97,990"
DELL Alienware Core i7 12th Gen 12700H - (32 GB/1 TB SSD/Windows 11 Home/8 GB Graphics/NVIDIA GeForce ...,"₹1,97,490"
"ASUS Vivobook 14X OLED (2023) For Creator, Intel H-Series Core i5 13th Gen 13500H - (16 GB/512 GB SSD/...","₹82,990"
DELL Core i5 12th Gen 1235U - (8 GB/512 GB SSD/Windows 11 Home) New Inspiron 14 2-in-1 2 in 1 Laptop,"₹71,990"
SAMSUNG Galaxy Book2 Core i5 12th Gen 1235U - (8 GB/256 GB SSD/Windows 11 Home) NP750XED-KB1IN Thin an...,"₹60,990"
HP 240 G8 Core i3 11th Gen - (8 GB/512 GB SSD/DOS) 4K5D5PA Laptop,"₹35,590"
Lenovo IdeaPad Gaming 3 AMD Ryzen 7 Octa Core 5800H - (16 GB/512 GB SSD/Windows 11 Home/6 GB Graphics/...,"₹80,990"
Lenovo LOQ AMD Ryzen 7 Octa Core 7840HS - (16 GB/512 GB SSD/Windows 11 Home/6 GB Graphics/NVIDIA GeFor...,"₹97,990"
ASUS Chromebook Celeron Dual Core N4500 - (8 GB/128 GB EMMC Storage/Chrome OS) CX1400FKA-EC0168 Chrome...,"₹32,990"
Acer Nitro 5 Ryzen 7 Octa Core AMD R7-5800H - (16 GB/1 TB HDD/256 GB SSD/Windows 10 Home/6 GB Graphics...,"₹92,999"
ASUS Vivobook Go 15 Ryzen 5 Quad Core 7520U - (16 GB/512 GB SSD/Windows 11 Home) E1504FA-NJ541WS Thin ...,"₹52,327"
MSI Katana 15 Core i5 12th Gen 12450H - (8 GB/512 GB SSD/Windows 11 Home/6 GB Graphics/NVIDIA GeForce ...,"₹72,990"
HP Ryzen 3 Dual Core 3rd Gen - (8 GB/512 GB SSD/Windows 11 Home) 15S-EQ1550AU Laptop,"₹32,990"
Lenovo LOQ Intel Core i7 13th Gen 13620H - (16 GB/512 GB SSD/Windows 11 Home/8 GB Graphics/NVIDIA GeFo...,"₹1,11,990"
ASUS Zenbook 14 OLED (2023) Touchscreen Intel EVO P-Series Core i5 13th Gen 1340P - (16 GB/512 GB SSD/...,"₹1,01,390"
MSI GF63 Core i5 11th Gen 11260H - (16 GB/512 GB SSD/Windows 11 Home/4 GB Graphics/NVIDIA GeForce GTX ...,"₹50,990"
ASUS Ryzen 5 - (16 GB/512 GB SSD/Windows 11 Home/4 GB Graphics) M6500QF-HN542WS Laptop,"₹65,890"
Acer Aspire Lite Premium Metal Body Laptop Core i5 11th Gen 1155G7 - (8 GB/1 TB SSD/Windows 11 Home) A...,"₹43,990"
MSI Katana 15 Core i7 12th Gen 12650H - (16 GB/512 GB SSD/Windows 11 Home/6 GB Graphics/NVIDIA GeForce...,"₹85,990"
HP 15s Intel Core i5 12th Gen 1235U - (8 GB/512 GB SSD/Windows 11 Home) 15s-fq5111TU Thin and Light La...,"₹58,100"
HP Ryzen 5 Hexa Core 5600U - (8 GB/512 GB SSD/Windows 11 Home) x360-ay1062au Thin and Light Laptop,"₹84,999"
DELL Core i5 11th Gen 1135G7 - (8 GB/512 GB SSD/Windows 11 Home) Vostro 3420 Thin and Light Laptop,"₹50,345"
HP Victus Ryzen 5 Hexa Core 5600H - (16 GB/512 GB SSD/Windows 11 Home/4 GB Graphics/AMD Radeon RX 6500...,"₹56,500"
DELL Inspiron 15 Core i5 11th Gen - (8 GB/512 GB SSD/Windows 11 Home) IN35117W5CCS01ORB1 Laptop,"₹68,028"
Infinix ZERO BOOK ULTRA Series Laptop Intel Core i9 12th Gen 12900H - (16 GB/512 GB SSD/Windows 11 Hom...,"₹75,990"
Lenovo ThinkPad 15 Intel Core i5 12th Gen 1235U - (8 GB/512 GB SSD/Windows 11 Home) TB15 G4 IAP Thin a...,"₹50,990"
Infinix INBook X2 Plus Core i5 11th Gen 1155G7 - (8 GB/512 GB SSD/Windows 11 Home) XL25 Thin and Light...,"₹47,990"
DELL Core i5 13th Gen - (8 GB/1 TB SSD/Windows 11 Home) IN5430NH6KJM01ORS1 Laptop,"₹67,000"
ASUS ROG Ally Ryzen Z1 Octa Core Extreme - (16 GB/512 GB SSD/Windows 11 Home) RC71L-NH001W Handheld Ga...,"₹69,990"
Lenovo IdeaPad Slim 3 Intel Celeron Dual Core N4020 - (8 GB/256 GB SSD/Windows 11 Home) 15IGL05 Thin a...,"₹27,490"
HP Victus e0333 Ryzen 5 Hexa Core 5600H - (16 GB/512 GB SSD/Windows 11 Home/6 GB Graphics/NVIDIA GeFor...,"₹84,999"
ASUS VivoBook S14 Core i7 8th Gen 8565U - (8 GB/1 TB HDD/256 GB SSD/Windows 10 Home/2 GB Graphics) S43...,"₹53,190"
MSI Modern 14 Core i7 12th Gen 1255U - (8 GB/512 GB SSD/Windows 11 Home) Modern 14 C12M-670IN Thin and...,"₹64,990"
Acer Aspire Vero Core i5 13th Gen 1335U - (16 GB/512 GB SSD/Windows 11 Home) AV14-52P Thin and Light L...,"₹63,335"
MSI Modern 15 Core i7 13th Gen 1355U - (16 GB/512 GB SSD/Windows 11 Home) Modern 15 B13M-288IN Thin an...,"₹71,990"
HP Victus Ryzen 5 Hexa Core 7535HS - (8 GB/512 GB SSD/Windows 11 Home/4 GB Graphics/NVIDIA GeForce RTX...,"₹61,990"
DELL Vostro 3425 Ryzen 5 Hexa Core 5500U - (8 GB/512 GB SSD/Windows 11 Home) Vostro 3425 Thin and Ligh...,"₹44,490"
ASUS ROG Strix G15 (2022) Ryzen 7 Octa Core AMD R7-6800H - (16 GB/512 GB SSD/Windows 11 Home/4 GB Grap...,"₹91,990"
HP Chromebook (2023) MediaTek Kompanio 1200 - (8 GB/256 GB SSD/Chrome OS) 13b-ca0006MU Chromebook,"₹42,990"
DELL Alienware Core i7 12th Gen 12700H - (16 GB/1 TB SSD/Windows 11 Home/6 GB Graphics/NVIDIA GeForce ...,"₹1,95,090"
HP G8 Ryzen 3 Dual Core AMD Ryzen 3 3250U - (8 GB/512 GB SSD/Windows 11 Home) 245 G8 Business Laptop,"₹32,999"
DELL Inspiron Ryzen 5 Hexa Core 5625U - (8 GB/512 GB SSD/Windows 11 Home) New Inspiron 14 Laptop Thin ...,"₹52,990"
HP Laptop Ryzen 3 Quad Core 5300U - (8 GB/512 GB SSD/Windows 11 Home) 15s- eq2213AU Thin and Light Lap...,"₹39,990"
Acer Aspire 7 Core i5 12th Gen 1240P - (16 GB/512 GB SSD/Windows 11 Home/4 GB Graphics/NVIDIA GeForce ...,"₹74,399"
HP G9 Ryzen 5 Dual Core AMD Ryzen5-5625U - (8 GB/512 GB SSD/Windows 11 Home) 255 G9 Business Laptop,"₹37,490"
HP Ryzen 5 Quad Core R5 5500 - (8 GB/512 GB SSD/Windows 11 Home) 245 G8 Business Laptop,"₹39,990"
ASUS Ryzen 5 - (16 GB/512 GB SSD/Windows 11 Home/4 GB Graphics/NVIDIA GeForce RTX NVIDIA® RTXTM 3050 4G...,"₹73,910"
DELL Inspiron Core i3 11th Gen 1115G4 - (8 GB/256 GB SSD/Windows 11 Home) Inspiron 3511 Thin and Light...,"₹43,000"
DELL 3535 Ryzen 5 Quad Core 7520U - (8 GB/512 GB SSD/Windows 11 Home) Inspiron 3535 Laptop Laptop,"₹44,500"
HP Core i5 11th Gen - (8 GB/512 GB HDD/512 GB SSD/DOS) 240 G8 Business Laptop,"₹54,990"
Lenovo Ideapad Gaming 3 AMD Ryzen 7 Octa Core 5800H - (16 GB/512 GB SSD/Windows 11 Home/4 GB Graphics/...,"₹75,990"
Lenovo IdeaPad Flex 5 Intel Core i3 12th Gen 1215U - (8 GB/512 GB SSD/Windows 11 Home) 14IAU7 Thin and...,"₹57,222"
Lenovo S14 Core i5 12th Gen 1235U - (8 GB/512 GB SSD/Windows 11 Pro) S14 GEN-3 Business Laptop,"₹48,990"
HP Athlon Dual Core 3050U - (8 GB/512 GB SSD/Windows 11 Home) 15s- eq1559AU Thin and Light Laptop,"₹29,990"
DELL Ryzen 3 Dual Core 3250U - (8 GB/512 GB SSD/Windows 11 Home) INSPIRON 3515 Thin and Light Laptop,"₹31,490"
DELL Core i3 12th Gen 1215U - (8 GB/512 GB SSD/Windows 11 Home) Vostro 3420 Thin and Light Laptop,"₹40,990"
DELL Vostro Core i5 12th Gen 1240P - (8 GB/512 GB SSD/Windows 11 Home) Vostro 5620 Thin and Light Lapt...,"₹65,490"
DELL Core i3 10th Gen - (4 GB/1 TB HDD/256 GB SSD/Windows 10 Home) INSPIRON 3501 Laptop,"₹46,999"
HP OMEN Core i5 13th Gen 13420H - (16 GB/512 GB SSD/Windows 11 Home/6 GB Graphics/NVIDIA GeForce RTX 4...,"₹1,02,990"
ASUS ROG Zephyrus G14 (2023) with 76WHr Battery Ryzen 9 Octa Core 7940HS - (16 GB/1 TB SSD/Windows 11 ...,"₹1,64,990"
DELL Inspiron Core i3 11th Gen 115G4 - (8 GB/1 TB HDD/256 GB SSD/Windows 11 Home) Inspiron 3511 Thin a...,"₹40,150"
"ASUS Vivobook Pro 15 OLED (2023) For Creator, Intel H-Series Core i5 13th Gen 13500H - (16 GB/512 GB S...","₹1,18,990"
Lenovo Athlon Dual Core 3050U - (4 GB/256 GB SSD/DOS) E41-55 Thin and Light Laptop,"₹18,990"
APPLE 2023 Macbook Air M2 - (8 GB/256 GB SSD/macOS Ventura) MQKP3HN/A,"₹1,26,990"
MSI Katana 17 Core i7 13th Gen 13620H - (16 GB/512 GB SSD/Windows 11 Home/4 GB Graphics/NVIDIA GeForce...,"₹88,990"
Lenovo Yoga 7 AMD Ryzen 7 Octa Core 5th Gen R7-5800U - (16 GB/512 GB SSD/Windows 10 Home) 14ITL5 2 in ...,"₹83,990"
Lenovo IdeaPad Flex 5 AMD Ryzen 5 Hexa Core 5500U - (16 GB/512 GB SSD/Windows 11 Home) 14ALC7 2 in 1 L...,"₹63,990"
ASUS VivoBook 15 (2022) Core i3 10th Gen 1005G1 - (4 GB/512 GB SSD/Windows 11 Home) X515JA-EJ372WS Thi...,"₹34,990"
Lenovo IdeaPad Flex 5 AMD Ryzen 5 Hexa Core 7530U - (16 GB/512 GB SSD/Windows 11 Home) 14ABR8 2 in 1 L...,"₹65,990"
HP Omen Intel Core i9 12th Gen 12900HX - (32 GB/2 TB SSD/Windows 11 Home/16 GB Graphics/NVIDIA GeForce...,"₹2,61,877"
HP Victus Ryzen 5 Hexa Core 5600H - (16 GB/512 GB SSD/Windows 11 Home/4 GB Graphics/AMD Radeon RX 6500...,"₹56,990"
DELL Vostro Core i5 12th Gen 1240P - (16 GB/512 GB SSD/Windows 11 Home) Vostro 5620 Thin and Light Lap...,"₹67,990"
"ASUS ROG Strix G16 (2023), Intel Core i5 13th Gen 13450HX - (16 GB/1 TB SSD/Windows 11 Home/6 GB Graph...","₹97,900"
Lenovo Yoga Slim 6 WUXGA OLED Intel Evo Core i7 13th Gen 13700H - (16 GB/512 GB SSD/Windows 11 Home) 1...,"₹92,990"
MSI Sword 15 Core i5 12th Gen 12500H - (16 GB/512 GB SSD/Windows 11 Home/4 GB Graphics/NVIDIA GeForce ...,"₹76,790"
DELL XPS Core i5 11th Gen 1135G7 - (16 GB/512 GB SSD/Windows 10) XPS 13 9305 Thin and Light Laptop,"₹91,990"
Wings Nuvobook S2 Aluminium Alloy Metal Body Intel Core i3 11th Gen 1125G4 - (8 GB/512 GB SSD/Windows ...,"₹28,990"
ASUS Vivobook Ultra K15 Core i3 11th Gen i3-1115G4 - (8 GB/256 GB SSD/Windows 11 Home) K513EA-L303WS K...,"₹48,490"
ASUS VivoBook K15 OLED (2022) Core i3 11th Gen 1115G4 - (8 GB/256 GB SSD/Windows 10 Home) K513EA-L302T...,"₹46,000"
ZEBRONICS Pro Series Z Intel Core i7 12th Gen 1255U - (16 GB/1 TB SSD/Windows 11 Home) ZEB-NBC 5S Lapt...,"₹54,990"
ASUS ROG Strix G15 Ryzen 7 Octa Core 5800H - (16 GB/1 TB SSD/Windows 10 Home/6 GB Graphics/NVIDIA GeFo...,"₹1,19,000"
ASUS Core i3 10th Gen - (4 GB/1 TB HDD/4 GB EMMC Storage/Windows 10/4 GB Graphics) X515JA-BR381T Thin ...,"₹27,990"
MSI GF63 Core i7 11th Gen 11800H - (8 GB/512 GB SSD/Windows 11 Home/4 GB Graphics/NVIDIA GeForce RTX 3...,"₹68,590"
ASUS Vivobook 15 Core i3 11th Gen 1115G4 - (8 GB/256 GB SSD/Windows 10 Home) X515EA-BQ312TS Laptop,"₹34,599"
DELL Vostro Ryzen 5 Hexa Core 5625U - (16 GB/512 GB SSD/Windows 11 Home) Vostro 3425 Metal Thin and Li...,"₹49,490"
ASUS VivoBook Flip 14 (2021) Touch Panel Core i5 11th Gen 1135G7 - (8 GB/512 GB SSD/Windows 10 Home/4 ...,"₹73,500"
ASUS Ryzen 7 Octa Core - (16 GB/1 TB SSD/Windows 11 Home/4 GB Graphics/NVIDIA GeForce RTX 4GB NVIDIA G...,"₹95,990"
ASUS ROG Strix SCAR 18 (2023) with 90WHr Battery Intel HX-Series Core i9 13th Gen 13980HX - (32 GB/1 T...,"₹3,59,990"
DELL Inspiron Ryzen 3 Dual Core 3250U - (8 GB/256 GB SSD/Windows 11 Home) INSPIRON 3515 Thin and Light...,"₹34,800"
MSI Stealth 16 Mercedes AMG Core i9 13th Gen 13900H - (32 GB/2 TB SSD/Windows 11 Pro/8 GB Graphics/NVI...,"₹2,69,990"
Infinix INBook X1 Core i3 10th Gen 1005G1 - (8 GB/256 GB SSD/Windows 11 Home) XL11 Thin and Light Lapt...,"₹37,999"
Lenovo IdeaPad Slim 3 Intel Core i3 12th Gen 1215U - (8 GB/512 GB SSD/Windows 11 Home) IdeaPad 3 15IAU...,"₹38,990"
Ultimus Celeron Dual Core - (4 GB/128 GB EMMC Storage/Windows 11 Home) NU14U3INC43BN-SG Thin and Light...,"₹10,990"
ASUS ZenBook Pro 15 Core i9 8th Gen 8950HK - (16 GB/1 TB SSD/Windows 10 Home/4 GB Graphics) UX580GE-E2...,"₹1,36,590"
DELL Vostro Core i5 11th Gen i5-1135G7 - (8 GB/512 GB SSD/Windows 10/2 GB Graphics) Vostro 3400 Thin a...,"₹64,771"
DELL Inspiron Ryzen 5 Hexa Core 5625U - (8 GB/512 GB SSD/Windows 11 Home) New Inspiron 14 2-in-1 2 in ...,"₹61,640"
HP 15s (2023) Intel Core i7 13th Gen 1360P - (16 GB/512 GB SSD/Windows 11 Home) 15-fd0024TU Thin and L...,"₹87,989"
ASUS VivoBook Ultra K14 (2021) Ryzen 5 Hexa Core AMD R5-5500U - (8 GB/512 GB SSD/Windows 10 Home) KM41...,"₹55,900"
ASUS VivoBook 14 Pentium Silver N6000 - (4 GB/256 GB SSD/Windows 11 Home) X415KA-EK111WS Thin and Ligh...,"₹28,990"
HP Pavilion 14 (2023) Intel Core i5 12th Gen - (16 GB/512 GB SSD/Windows 11 Home) Pavilion 14-DV2041TU...,"₹68,499"
Lenovo Ideapad Gaming 3 Ryzen 5 Hexa Core AMD R5-5600H - (8 GB/512 GB SSD/Windows 11 Home/4 GB Graphic...,"₹53,200"
Lenovo Yoga 7 OLED Intel Evo Core i7 13th Gen 1360P - (16 GB/512 GB SSD/Windows 11 Home) 14IRL8 2 in 1...,"₹1,13,990"
Acer Predator Core i9 13th Gen 13900HX - (16 GB/1 TB SSD/Windows 11 Home/8 GB Graphics/NVIDIA GeForce ...,"₹1,54,990"
Lenovo Ideapad Slim 3i Intel Core i3 11th Gen 1115G4 - (8 GB/256 GB SSD/Windows 10 Home) IdeaPad 3 14I...,"₹43,890"
HP Ryzen 3 Quad Core 7320U - (8 GB/512 GB SSD/Windows 11 Home) 14-em0025AU Thin and Light Laptop,"₹38,990"
ASUS Ryzen 5 Quad Core 7520U - (8 GB/512 GB SSD/Windows 11 Home) E1404FA-NK521WS Laptop,"₹41,300"
HP Victus Ryzen 5 Hexa Core 5600H - (8 GB/512 GB SSD/Windows 11 Home/4 GB Graphics/NVIDIA GeForce GTX ...,"₹56,611"
HP Core i5 12th Gen 12450H - (16 GB/512 GB SSD/Windows 11 Home/4 GB Graphics/NVIDIA GeForce RTX 3050) ...,"₹79,990"
Acer Chromebook Celeron Dual Core N4020 - (4 GB/64 GB EMMC Storage/Chrome OS) CB314-1H Thin and Light ...,"₹20,990"
ASUS Core i3 10th Gen - (8 GB/512 GB SSD/Windows 11 Home) X515JA-EJ382WS Laptop,"₹35,490"
ASUS Vivobook 15X (2023) Core i3 13th Gen 1315U - (8 GB/512 GB SSD/Windows 11 Home) K3504VAB-NJ321WS T...,"₹44,890"
Acer Aspire 7 Core i5 9th Gen 9300H - (8 GB/512 GB SSD/Windows 10 Home/4 GB Graphics/NVIDIA GeForce GT...,"₹55,390"
HP HP 445G8 ProBook Ryzen 7 Dual Core 5th Gen - (8 GB/512 GB SSD/DOS) 7K2J9PA#ACJ Notebook,"₹49,990"
ASUS Core i5 12th Gen - (16 GB/512 GB SSD/Windows 11 Home) S3502ZA-L502WS Laptop,"₹68,990"
Acer Travelmate Core i5 11th Gen 1135G7 - (16 GB/512 GB SSD/Windows 11 Home) TMP214-53 Thin and Light ...,"₹41,990"
"ASUS Vivobook 16X (2023) For Creator, Intel H-Series Core i7 12th Gen 12650H - (16 GB/1 TB SSD/Windows...","₹87,990"
Lenovo ThinkPad E14 Core i7 12th Gen 1255U - (16 GB/1 TB SSD/Windows 11 Home) TP E14 Gen 4 Thin and Li...,"₹95,990"
MICROSOFT Surface Laptop 3 Core i5 10th Gen 1035G7 - (8 GB/128 GB SSD/Windows 10 Home) 1867 Laptop,"₹61,390"
HP Athlon Dual Core 3050U - (8 GB/256 GB SSD/Windows 11 Home) 14s-fq0568AU Thin and Light Laptop,"₹27,990"
DELL Core i5 11th Gen - (8 GB/512 GB SSD/Windows 11 Home) D560784WIN9S Laptop,"₹52,800"
SAMSUNG Galaxy Book3 Pro 360 Intel EVO Core i7 13th Gen 1360P - (16 GB/1 TB SSD/Windows 11 Home) NP960...,"₹1,79,990"
ASUS Vivobook 15 Core i5 12th Gen 12500H - (16 GB/512 GB SSD/Windows 11 Home) X1502ZA-EJ544WS Thin and...,"₹63,890"
DELL Ryzen 7 Octa Core 6800H - (16 GB/1 TB SSD/Windows 11 Home/8 GB Graphics/NVIDIA GeForce RTX 3070 T...,"₹1,19,190"
HP Pavilion Gaming Ryzen 5 Quad Core 3550H - (8 GB/512 GB SSD/Windows 10 Home/4 GB Graphics/NVIDIA GeF...,"₹55,490"
ZEBRONICS Pro Series Z Intel Core i7 12th Gen 1255U - (16 GB/512 GB SSD/Windows 11 Home) ZEB-NBC 5S La...,"₹52,990"
Acer Aspire 3 Ryzen 3 Dual Core 3250U - (4 GB/1 TB HDD/Windows 10 Home) A315-23 R7H1 Laptop,"₹27,900"
GIGABYTE G Series Core i5 12th Gen 12500H - (16 GB/512 GB SSD/Windows 11 Home/8 GB Graphics/NVIDIA GeF...,"₹89,990"
ASUS Vivobook Ultra 14 (2022) Core i3 11th Gen 1115G4 - (8 GB/512 GB SSD/Windows 10 Home) K413EA-EB302...,"₹43,500"
DELL Core i9 12th Gen 12900H - (16 GB/1 TB SSD/Windows 11 Home/6 GB Graphics/NVIDIA GeForce RTX 3060/1...,"₹1,32,990"
APPLE 2021 Macbook Pro M1 Pro - (16 GB/1 TB SSD/Mac OS Monterey) MK1F3HN/A,"₹2,45,990"
Acer Predator (2023) Core i7 13th Gen 13700HX - (32 GB/1 TB SSD/Windows 11 Home/8 GB Graphics/NVIDIA G...,"₹1,94,990"
ZEBRONICS Pro Series Y Intel Core i5 11th Gen 1155G7 - (16 GB/512 GB SSD/Windows 11 Home/16 GB Graphic...,"₹34,990"
Lenovo IdeaPad Gaming 3 Ryzen 7 Octa Core AMD R7-5800H - (8 GB/512 GB SSD/Windows 11 Home/4 GB Graphic...,"₹63,790"
APPLE 2023 MacBook Pro M3 - (8 GB/1 TB SSD/macOS Sonoma) MTL83HN/A,"₹1,89,900"
ASUS Vivobook Ultra 14 (2022) Core i5 11th Gen 1135G7 - (16 GB/512 GB SSD/Windows 11 Home) K413EA-EB52...,"₹57,000"
ASUS Vivobook S 14 Intel EVO H-Series Core i5 12th Gen 12500H - (16 GB/512 GB SSD/Windows 11 Home) S34...,"₹65,990"
Acer Aspire 5 Core i3 11th Gen 1115G4 - (4 GB/256 GB SSD/Windows 10 Home) A514-54 Thin and Light Lapto...,"₹34,990"
Lenovo ThinkBook 15 Core i7 12th Gen 1255U - (16 GB/512 GB SSD/Windows 11 Home) TB15 G4 IAP Thin and L...,"₹1,26,608"
ASUS TUF Gaming F15 Core i5 10th Gen 10300H - (8 GB/512 GB SSD/Windows 10 Home/4 GB Graphics/NVIDIA Ge...,"₹59,999"
MSI Modern 15 Core i3 11th Gen Core i3 1115G4 - (8 GB/512 GB SSD/Windows 11 Home) MODERN 15 B11M-063IN...,"₹33,590"
Acer Aspire 7 Core i5 12th Gen 1240P - (8 GB/512 GB SSD/Windows 11 Home/4 GB Graphics/NVIDIA GeForce G...,"₹53,500"
ASUS Ryzen 5 - (16 GB/512 GB SSD/Windows 11 Home/4 GB Graphics/NVIDIA GeForce RTX NVIDIA® RTXTM 2050) M...,"₹64,990"
MSI GF63 Thin Core i5 11th Gen 11400H - (8 GB/512 GB SSD/Windows 11 Home/4 GB Graphics/NVIDIA GeForce ...,"₹50,990"
DELL XPS 13 Core i7 12th Gen - (16 GB/1 TB SSD/Windows 11 Home) XPS 13 9320 Thin and Light Laptop,"₹1,89,199"
HP Envy x360 (2023) Intel Ryzen 7 Octa Core 7730U - (16 GB/512 GB SSD/Windows 11 Home) 15-fh0019AU Lap...,"₹86,990"
DELL Vostro Core i3 11th Gen 1115G4 - (8 GB/256 GB SSD/Windows 10) VOSTRO 3400 Thin and Light Laptop,"₹35,999"
ASUS TUF Gaming A17 Ryzen 7 Octa Core AMD R7-4800H - (16 GB/512 GB SSD/Windows 10 Home/4 GB Graphics/N...,"₹82,990"
ASUS Ryzen 5 Quad Core - (16 GB/512 GB SSD/Windows 11 Home) E1504FA-LK542WS Laptop,"₹50,990"
Lenovo ThinkPad E14 Ryzen 5 Hexa Core 7530U - (8 GB/512 GB SSD/Windows 11 Home) TP E14 Gen 5 Thin and ...,"₹75,375"
Acer Aspire 5 Core i5 12th Gen 1235U - (8 GB/512 GB SSD/Windows 11 Home) A515-57 Thin and Light Laptop,"₹48,590"
Lenovo Core i5 12th Gen - (16 GB/512 GB SSD/Windows 11 Home) 83BG000DIN Laptop,"₹57,990"
HP 15s (2023) Intel Core i3 13th Gen 1315U - (8 GB/512 GB SSD/Windows 11 Home) 15-fd0006TU Thin and Li...,"₹47,490"
DELL Inspiron Core i3 13th Gen 1305U - (8 GB/512 GB SSD/Windows 11 Home) 3530 Thin and Light Laptop,"₹46,990"
DELL Core i5 11th Gen - (8 GB/512 GB SSD/Ubuntu) 3420 Business Laptop,"₹51,990"
HP 15s (2023) Intel Core i3 13th Gen 1315U - (8 GB/512 GB SSD/Windows 11 Home) 15-fd0018TU Thin and Li...,"₹47,990"
Lenovo IdeaPad Flex 5 Ryzen 5 Hexa Core 5500U - (16 GB/512 GB SSD/Windows 11 Home) 14ALC7 Thin and Lig...,"₹69,500"
HP Laptop Ryzen 3 Quad Core 5300U - (8 GB/512 GB SSD/Windows 11 Home) 15s- eq2213AU Thin and Light Lap...,"₹41,845"
Acer Spin 5 Intel EVO Core i7 12th Gen 1260P - (16 GB/1 TB SSD/Windows 11 Home) SP514-51N 2 in 1 Lapto...,"₹1,03,490"
Lenovo Ideapad Gaming 3 AMD Ryzen 5 Hexa Core 5600H - (8 GB/512 GB SSD/Windows 11 Home/4 GB Graphics/N...,"₹62,990"
HP Pavilion Eyesafe (2023) Intel Core i5 12th Gen i5-1240P - (16 GB/512 GB SSD/Windows 11 Home) EG2035...,"₹72,499"
DELL XPS 13 Core i7 8th Gen 8550U - (16 GB/512 GB SSD/Windows 10 Home) 9370 Thin and Light Laptop,"₹1,22,475"
Lenovo ThinkPad E14 Intel Core i5 12th Gen 1235U - (8 GB/512 GB SSD/Windows 11 Home) TP E14 Gen 4 Thin...,"₹67,990"
Lenovo V14 G3 (82TSA01KIH) Core i3 12th Gen 1213U - (8 GB/512 GB SSD/DOS) V14 Laptop,"₹32,490"
MSI Prestige 14 Intel EVO Core i5 11th Gen 1135G7 - (16 GB/512 GB SSD/Windows 10 Home) Prestige 14Evo ...,"₹84,990"
HP Intel Core i3 11th Gen 1115G4 - (8 GB/256 GB SSD/Windows 10 Home) 14s- DY2501TU Thin and Light Lapt...,"₹39,800"
Infinix X1 Slim Series Core i5 10th Gen 1035G1 - (8 GB/512 GB SSD/Windows 11 Home) XL21 Thin and Light...,"₹40,990"
Acer Aspire 3 Ryzen 3 Dual Core 3250U - (8 GB/256 GB SSD/Windows 11 Home) A315-23 Laptop,"₹31,000"
Acer Aspire 3 Core i3 12th Gen 1215U - (8 GB/512 GB SSD/Windows 11 Home) A315-59 Thin and Light Laptop,"₹33,000"
HP Pavilion Aero (2023) Ryzen 5 Hexa Core 7535U - (16 GB/512 GB SSD/Windows 11 Home) 13-BE2055AU Thin ...,"₹68,990"
ASUS ROG Strix SCAR 15 (2022) Core i9 12th Gen 12900H - (32 GB/1 TB SSD/Windows 11 Home/16 GB Graphics...,"₹1,98,000"
Lenovo ThinkBook 13s Intel Core i5 11th Gen 1135G7 - (8 GB/1 TB SSD/Windows 10 Home) TB13s ITL Gen 2 T...,"₹57,000"
Lenovo V15 G2 Core i3 11th Gen 1115G4 - (8 GB/512 GB SSD/Windows 11 Home) V15 ITL G2 Laptop,"₹34,390"
ASUS ROG Zephyrus Duo 16 with 90WHr Battery Ryzen 9 16 Core 7945HX - (32 GB/2 TB SSD/Windows 11 Home/1...,"₹3,79,990"
DELL Core i3 11th Gen - (8 GB/256 GB SSD/Windows 10 Pro) 3420 Business Laptop,"₹38,990"
Ultimus Pro Celeron Dual Core N4020 - (4 GB/128 GB EMMC Storage/Windows 11 Home) NU14U3INC43BN-CS Thin...,"₹11,990"
Lenovo Ryzen 5 Quad Core R5-5500H - (8 GB/512 GB SSD/Windows 11 Home/4 GB Graphics/NVIDIA GeForce RTX ...,"₹52,890"
HP 247 G8 Ryzen 3 Dual Core 5300 - (8 GB/512 GB SSD/DOS) 6B5R3PA#ACJ Notebook,"₹33,990"
Lenovo IdeaPad Gaming 3 Ryzen 5 Hexa Core 5500H - (8 GB/512 GB SSD/Windows 11 Home/4 GB Graphics/NVIDI...,"₹53,990"
ASUS Core i3 12th Gen - (8 GB/512 GB SSD/Windows 11 Home) X1504ZA-NJ321WS Notebook,"₹38,980"
ASUS Vivobook 15 Core i5 12th Gen i5-1240P - (8 GB/512 GB SSD/Windows 11 Home) X1502ZA-BQ501WS Laptop,"₹62,390"
ASUS ROG Flow Z13 (2023) Intel H-Series Core i9 13th Gen 13900H - (16 GB/1 TB SSD/Windows 11 Home/8 GB...,"₹2,09,990"
MSI Katana 17 Core i7 12th Gen 12650H - (16 GB/1 TB SSD/Windows 11 Home/8 GB Graphics/NVIDIA GeForce R...,"₹1,34,990"
